name_id,name
1,湖北恒通荣昌建设工程有限公司
2,武汉缘来文化传播有限责任公司
3,武汉市博源纸塑彩印制品有限公司
4,武汉星斐斯文化传媒有限公司
5,武汉春晖园林股份有限公司
6,武汉高屋电气有限公司
7,湖北唐食隆（后端为武汉餐厨配供应链管理有限公司
8,武汉五二智慧信息技术有限公司
9,武汉永乐云商电子商务有限公司
10,武汉新奇华清膜分离技术工程有限公司
11,道达尔（TOTAL）
12,武汉宥辰网络科技有限公司
13,国胜联信息科技（武汉）有限公司
14,武汉华南置业集团有限公司
15,武汉鼎诚佳园房产经纪有限公司
16,湖北省森屿企业管理咨询有限责任公司
17,湖北随时修汽车科技有限公司
18,欧颂德婴童用品（湖北）有限公司
19,千万亿（武汉）营销管理有限公司
20,武汉晋东科技有限公司
21,武汉市蒙尔斯服饰有限责任公司
22,武汉名仕体育发展有限公司
23,武汉链接畅享数字科技有限公司
24,武汉浦尔菲科技游戏公司
25,金澳科技（湖北）化工有限公司
26,湖北集品防护用品有限公司
27,湖北京山轻工机械股份有限公司
28,湖北中隆康盛精细化工有限公司
29,大德天成企业公司
30,武汉华瑞通电力设备有限公司
31,湖北德培企业管理咨询有限公司
32,武汉汉桓置业有限公司
33,武汉中升捷丰汽车销售服务有限公司
34,武汉际上导航科技有限公司