name_id,name,time_id,time,relation
1,湖北恒通荣昌建设工程有限公司,1,2000年2月2日,establishtimeof
2,武汉缘来文化传播有限责任公司,2,2001年,establishtimeof
3,武汉市博源纸塑彩印制品有限公司,3,1997年,establishtimeof
4,武汉星斐斯文化传媒有限公司,4,2020年,establishtimeof
5,武汉春晖园林股份有限公司,5,2009年,establishtimeof
6,武汉高屋电气有限公司,6,1997年07月02日,establishtimeof
7,湖北唐食隆（后端为武汉餐厨配供应链管理有限公司,7,2017年10月,establishtimeof
8,武汉五二智慧信息技术有限公司,8,2018年,establishtimeof
9,武汉永乐云商电子商务有限公司,9,2011年11月,establishtimeof
11,道达尔（TOTAL）,10,30年,establishtimeof
13,国胜联信息科技（武汉）有限公司,11,2019年10月,establishtimeof
14,武汉华南置业集团有限公司,12,1995年,establishtimeof
15,武汉鼎诚佳园房产经纪有限公司,13,2010年,establishtimeof
16,湖北省森屿企业管理咨询有限责任公司,14,2020年08月24日,establishtimeof
17,湖北随时修汽车科技有限公司,15,2016年6月,establishtimeof
19,千万亿（武汉）营销管理有限公司,16,2012年,establishtimeof
20,武汉晋东科技有限公司,17,2010年9月,establishtimeof
21,武汉市蒙尔斯服饰有限责任公司,18,2002年,establishtimeof
24,武汉浦尔菲科技游戏公司,19,2013年,establishtimeof
25,金澳科技（湖北）化工有限公司,20,1997年,establishtimeof
26,湖北集品防护用品有限公司,21,25年,establishtimeof
27,湖北京山轻工机械股份有限公司,22,1998年6月,establishtimeof
28,湖北中隆康盛精细化工有限公司,23,1996年,establishtimeof
29,大德天成企业公司,24,1998年,establishtimeof
30,武汉华瑞通电力设备有限公司,25,2007年,establishtimeof
32,武汉汉桓置业有限公司,26,2014年9月,establishtimeof
33,武汉中升捷丰汽车销售服务有限公司,27,1994年,establishtimeof
34,武汉际上导航科技有限公司,28,2015年,establishtimeof