name_id,name,location_id,location,relation
1,湖北恒通荣昌建设工程有限公司,1,陂区盘龙城卓尔总部m2,locationof
2,武汉缘来文化传播有限责任公司,2,岸区黄浦大街258号天梨阁北苑A1栋7楼,locationof
3,武汉市博源纸塑彩印制品有限公司,3,汉市东西湖区泾河银柏路60号,locationof
4,武汉星斐斯文化传媒有限公司,4,汉市江夏区藏龙岛阳光100,locationof
5,武汉春晖园林股份有限公司,5,汉市武昌区徐东大街群星城汇金中心K3-2,locationof
6,武汉高屋电气有限公司,6,汉市硚口区汉西三路万都门业8楼,locationof
7,湖北唐食隆（后端为武汉餐厨配供应链管理有限公司,7,汉市东西湖区新城14路鑫恶泰产业园,locationof
8,武汉五二智慧信息技术有限公司,8,湖高新区现代光谷世贸中心,locationof
9,武汉永乐云商电子商务有限公司,9,设大道国贸新都B座23,locationof
10,武汉新奇华清膜分离技术工程有限公司,10,西湖区高桥三路九号（皓盛仓储）,locationof
11,道达尔（TOTAL）,11,汉市硚口区航空路新世界中心,locationof
12,武汉宥辰网络科技有限公司,12,汉市洪山区珞喻东路与佳园路交汇处慧谷时空1908,locationof
13,国胜联信息科技（武汉）有限公司,13,谷创业街6栋16楼,locationof
14,武汉华南置业集团有限公司,14,汉市江汉区发展大道207号,locationof
15,武汉鼎诚佳园房产经纪有限公司,15,汉市武昌区友谊大道才华街站524号鼎诚佳园,locationof
16,湖北省森屿企业管理咨询有限责任公司,16,质大学珠宝大楼1101,locationof
17,湖北随时修汽车科技有限公司,17,口区解放大道145号新华印刷厂院内,locationof
18,欧颂德婴童用品（湖北）有限公司,18,昌区中北路,locationof
19,千万亿（武汉）营销管理有限公司,19,昌积玉桥万达中心3006,locationof
20,武汉晋东科技有限公司,20,汉市高新大道999号,locationof
21,武汉市蒙尔斯服饰有限责任公司,21,汉市东西湖区九通路龙鑫工业园11栋2楼,locationof
22,武汉名仕体育发展有限公司,22,昌区积玉桥街沙湖小区,locationof
23,武汉链接畅享数字科技有限公司,23,达环球中心4栋1308,locationof
24,武汉浦尔菲科技游戏公司,24,汉市洪山区珞喻路东方怡景大厦B座1901,locationof
25,金澳科技（湖北）化工有限公司,25,北省潜江市章华北路66号,locationof
26,湖北集品防护用品有限公司,26,号线楚河汉街站A出口前行100米,locationof
27,湖北京山轻工机械股份有限公司,27,司总部：荆门市京山县经济开发区轻机工业园；研发基地：武汉市江汉经济开发区江兴路22号,locationof
28,湖北中隆康盛精细化工有限公司,28,汉区常青路163号台银大厦B座2603室,locationof
29,大德天成企业公司,29,汉市盘龙城经济开发区卓尔企业社区3期C6栋,locationof
30,武汉华瑞通电力设备有限公司,30,北省武汉市江夏区光谷大道303号光谷芯中心文汇楼2-6-701,locationof
31,湖北德培企业管理咨询有限公司,31,山区李桥村融科智谷工业项目C8-2-1504,locationof
32,武汉汉桓置业有限公司,32,汉市硚口区硚口路160号武汉城市广场,locationof
33,武汉中升捷丰汽车销售服务有限公司,33,西湖区长青街办事处革新大道165号（8）广汽丰田4S店,locationof
34,武汉际上导航科技有限公司,34,汉市东湖新技术开发区茅店山西路8号创星汇科技园D栋四楼,locationof